Joshua Malachi,Male,Novice
Rudy Bergey,Male,Novice
Allen Utzinger,Male,Novice
Lucio Kilcrease,Male,Beginner
Jarrett Kober,Male,Beginner
Rufus Degraw,Male,Beginner
Leo Kicklighter,Male,Beginner
Ezequiel Holladay,Male,Beginner
Blair Josephs,Male,Beginner
Irving Reuben,Male,Beginner
Mitchell Feehan,Male,Beginner
Jed Easler,Male,Beginner
Brad Kitzman,Male,Beginner
Mary Strzelecki,Male,Beginner
Tyson Trial,Male,Beginner
Brendon Derosa,Male,Beginner
Gino Mclachlan,Male,Beginner
Romeo Crook,Male,Intermediate
Wilbert Espitia,Male,Intermediate
Antony Arwood,Male,Intermediate
Benjamin Renaud,Male,Intermediate
Weldon Prejean,Male,Intermediate
Julio Speelman,Male,Intermediate
Bobbie Toenjes,Male,Experienced
Abe Moad,Male,Experienced
Kareem Hamiton,Male,Experienced
Reuben Monaco,Male,Experienced
Harry Cilley,Male,Experienced
Ralph Nilsson,Male,Experienced
Micheal Marzano,Male,Guru
Alejandrina Tenaglia,Female,Novice
Devona Mallen,Female,Novice
Jovita Mcnary,Female,Novice
Tomoko Pahl,Female,Novice
Andree Braggs,Female,Beginner
Eda Tassin,Female,Beginner
Tiera Dimond,Female,Beginner
Angie Pendarvis,Female,Beginner
Debera Hoffer,Female,Beginner
Bok Dunleavy,Female,Beginner
Beatrice Bryand,Female,Beginner
Genevieve Dorrough,Female,Intermediate
Odelia Rosborough,Female,Intermediate
Teena Venson,Female,Intermediate
Kaci Rodden,Female,Intermediate
Laine Fouche,Female,Experienced
Mica Campo,Female,Experienced
Kanesha Guidry,Female,Experienced
Sherice Haworth,Female,Guru
Rosenda Light,Female,Guru
