Joshua Malachi,Male,10
Rudy Bergey,Male,10
Allen Utzinger,Male,10
Lucio Kilcrease,Male,30
Jarrett Kober,Male,30
Rufus Degraw,Male,30
Leo Kicklighter,Male,30
Ezequiel Holladay,Male,30
Blair Josephs,Male,30
Irving Reuben,Male,30
Mitchell Feehan,Male,30
Jed Easler,Male,30
Brad Kitzman,Male,30
Mary Strzelecki,Male,30
Tyson Trial,Male,30
Brendon Derosa,Male,30
Gino Mclachlan,Male,30
Romeo Crook,Male,50
Wilbert Espitia,Male,50
Antony Arwood,Male,50
Benjamin Renaud,Male,50
Weldon Prejean,Male,50
Julio Speelman,Male,50
Bobbie Toenjes,Male,80
Abe Moad,Male,80
Kareem Hamiton,Male,80
Reuben Monaco,Male,80
Harry Cilley,Male,80
Ralph Nilsson,Male,80
Micheal Marzano,Male,100
Alejandrina Tenaglia,Female,10
Devona Mallen,Female,10
Jovita Mcnary,Female,10
Tomoko Pahl,Female,10
Andree Braggs,Female,30
Eda Tassin,Female,30
Tiera Dimond,Female,30
Angie Pendarvis,Female,30
Debera Hoffer,Female,30
Bok Dunleavy,Female,30
Beatrice Bryand,Female,30
Genevieve Dorrough,Female,50
Odelia Rosborough,Female,50
Teena Venson,Female,50
Kaci Rodden,Female,50
Laine Fouche,Female,80
Mica Campo,Female,80
Kanesha Guidry,Female,80
Sherice Haworth,Female,100
Rosenda Light,Female,100
